<?xml version="1.0" encoding="UTF-8"?>
<project-private xmlns="http://www.netbeans.org/ns/project-private/1">
    <editor-bookmarks xmlns="http://www.netbeans.org/ns/editor-bookmarks/2" lastBookmarkId="0"/>
    <open-files xmlns="http://www.netbeans.org/ns/projectui-open-files/2">
        <group>
            <file>file:/C:/Users/moheb/Desktop/nQueen-problem-solver-on-java-master/nQueens(final)/src/controller/NQueenBoard.java</file>
            <file>file:/C:/Users/moheb/Desktop/nQueen-problem-solver-on-java-master/nQueens(final)/src/controller/GeneticAlgorithm.java</file>
            <file>file:/C:/Users/moheb/Desktop/nQueen-problem-solver-on-java-master/nQueens(final)/src/controller/BoardController.java</file>
        </group>
    </open-files>
</project-private>
